player_name,position,pro_team
Ashton Jeanty,RB,LV
Omarion Hampton,RB,LAC
Tetairoa McMillan,WR,CAR
Travis Hunter,WR,JAC
TreVeyon Henderson,RB,NE
Quinshon Judkins,RB,CLE
Emeka Egbuka,WR,TB
Tyler Warren,TE,IND
RJ Harvey,RB,DEN
Colston Loveland,TE,CHI
Kaleb Johnson,RB,PIT
Matthew Golden,WR,GB
Luther Burden III,WR,CHI
Cameron Ward,QB,TEN
Jayden Higgins,WR,HOU
Tre Harris,WR,LAC
Cam Skattebo,RB,NYG
Bhayshul Tuten,RB,JAC
Jack Bech,WR,LV
Jaylin Noel,WR,HOU
Jaxson Dart,QB,NYG
Kyle Williams,WR,NE
Mason Taylor,TE,NYJ
Elijah Arroyo,TE,SEA
Terrance Ferguson,TE,LAR
Jaydon Blue,RB,DAL
Dylan Sampson,RB,CLE
Elic Ayomanor,WR,TEN
Harold Fannin Jr.,TE,CLE
Tyler Shough,QB,NO
Jarquez Hunter,RB,LAR
Jalen Milroe,QB,SEA
Jalen Royals,WR,KC
Pat Bryant,WR,DEN
DJ Giddens,RB,IND
Devin Neal,RB,NO
Trevor Etienne,RB,CAR
Jordan James,RB,SF
Isaac TeSlaa,WR,DET
Shedeur Sanders,QB,CLE
Brashard Smith,RB,KC
Tory Horton,WR,SEA
Woody Marks,RB,HOU
Tahj Brooks,RB,CIN
Ollie Gordon II,RB,MIA
Tai Felton,WR,MIN
Kyle Monangai,RB,CHI
Savion Williams,WR,GB
Damien Martinez,RB,SEA
Oronde Gadsden II,TE,LAC
Will Howard,QB,PIT
Dillon Gabriel,QB,CLE
Gunnar Helm,TE,TEN
Dont'e Thornton Jr.,WR,LV
Jaylin Lane,WR,WAS
Jacory Croskey-Merritt,RB,WAS
Tez Johnson,WR,TB
Chimere Dike,WR,TEN
Xavier Restrepo,WR,TEN
Ricky White III,WR,SEA
Arian Smith,WR,NYJ
LeQuint Allen Jr.,RB,JAC
Riley Leonard,QB,IND
Kalel Mullings,RB,TEN
Kyle McCord,QB,PHI
KeAndre Lambert-Smith,WR,LAC
Jimmy Horn Jr.,WR,CAR
Quinn Ewers,QB,MIA
Mitchell Evans,TE,CAR
Phil Mafah,RB,DAL
Nick Nash,WR,ATL
Kaden Prather,WR,BUF
Raheim Sanders,RB,LAC
Jordan Watkins,WR,SF
Luke Lachey,TE,HOU
Marcus Yarns,RB,NO
Thomas Fidone II,TE,NYG
Kurtis Rourke,QB,SF
Isaiah Bond,WR,FA
Ja'Corey Brooks,WR,WAS
Elijhah Badger,WR,KC
Jake Briningstool,TE,KC
LaJohntay Wester,WR,BAL
Donovan Edwards,RB,NYJ
Konata Mumpfield,WR,LAR
Gavin Bartholomew,TE,MIN
Efton Chism III,WR,NE
Jalin Conyers,TE,MIA
Theo Wease Jr.,WR,MIA
Dominic Lovett,WR,DET
Antwane Wells Jr.,WR,NYG
Corey Kiner,RB,SF
Isaiah Neyor,WR,SF
Beaux Collins,WR,NYG
Graham Mertz,QB,HOU
Da'Quan Felton,WR,NYG
Caleb Lohner,TE,DEN
Jackson Hawes,TE,BUF
Andrew Armstrong,WR,MIA
Junior Bergen,WR,SF
Joshua Simon,TE,ATL
Roc Taylor,WR,PIT
Robbie Ouzts,TE,SEA
Jamaal Pritchett,WR,NYJ
Moliki Matavao,TE,NO
Mario Williams,WR,FA
Tommy Mellott,QB,LV
Ajou Ajou,WR,IND
Kobe Hudson,WR,CAR
Montrell Johnson Jr.,RB,PHI
Lan Larison,RB,NE
Zakhari Franklin,WR,LV
Brady Cook,QB,NYJ
Bru McCoy,WR,FA
Moose Muhammad III,WR,FA
Bryson Nesbit,TE,MIN
Jacolby George,WR,CAR
Traeshin Holden,WR,DAL
CJ Dippre,TE,NE
Sam Brown Jr.,WR,GB
Kelly Akharaiyi,WR,BUF
Josh Kelly,WR,DAL
Seth Henigan,QB,JAC
Benjamin Yurosek,TE,FA
Will Sheppard,WR,FA
Ulysses Bentley IV,RB,IND
Caden Prieskorn,TE,DEN
